,trX,trY
0,8.842573969,8.842573969
1,53.25838953,53.25838953
2,101.92676170000001,101.92676170000001
3,144.5875012,144.5875012
4,237.60382459999997,237.60382459999997
